{
    "calibration": "/Users/jtm545/Projects/PySilSub/pysilsub/data/OneLight.csv",
    "calibration_wavelengths": [
        380,
        781,
        1
    ],
    "primary_resolutions": [
        256,
        256,
        256,
        256,
        256,
        256,
        256,
        256,
        256,
        256,
        256,
        256,
        256,
        256,
        256,
        256,
        256,
        256,
        256,
        256,
        256,
        256,
        256,
        256,
        256,
        256,
        256,
        256,
        256,
        256,
        256,
        256,
        256,
        256,
        256,
        256,
        256,
        256,
        256,
        256,
        256,
        256,
        256,
        256,
        256,
        256,
        256,
        256,
        256,
        256,
        256,
        256,
        256,
        256,
        256,
        256
    ],
    "primary_colors": [
        [
            0.3415609381007305,
            0.3448673587081892,
            0.6519031141868512
        ],
        [
            0.31449442522106885,
            0.37993079584775086,
            0.6685121107266436
        ],
        [
            0.2806612841214917,
            0.423760092272203,
            0.6892733564013841
        ],
        [
            0.25359477124183005,
            0.45882352941176474,
            0.7058823529411765
        ],
        [
            0.21976163014225297,
            0.5026528258362168,
            0.726643598615917
        ],
        [
            0.20007689350249905,
            0.5377931564782776,
            0.7393310265282584
        ],
        [
            0.24006151480199925,
            0.58239138792772,
            0.7208765859284891
        ],
        [
            0.27204921184159936,
            0.6180699730872741,
            0.7061130334486736
        ],
        [
            0.31203383314109956,
            0.6626682045367166,
            0.6876585928489043
        ],
        [
            0.34402153018069975,
            0.6983467896962706,
            0.6728950403690889
        ],
        [
            0.38400615148019995,
            0.7429450211457131,
            0.6544405997693196
        ],
        [
            0.42122260668973477,
            0.7690888119953864,
            0.6467512495194156
        ],
        [
            0.47427912341407163,
            0.7898500576701268,
            0.6459823144944252
        ],
        [
            0.516724336793541,
            0.8064590542099193,
            0.6453671664744329
        ],
        [
            0.5697808535178779,
            0.8272202998846598,
            0.6445982314494426
        ],
        [
            0.6122260668973474,
            0.8438292964244523,
            0.6439830834294502
        ],
        [
            0.6652825836216842,
            0.8645905420991927,
            0.6432141484044599
        ],
        [
            0.7023452518262209,
            0.8795847750865053,
            0.6366782006920415
        ],
        [
            0.7477124183006538,
            0.8980392156862746,
            0.6274509803921569
        ],
        [
            0.7840061514802001,
            0.9128027681660901,
            0.6200692041522491
        ],
        [
            0.8293733179546331,
            0.9312572087658594,
            0.6108419838523644
        ],
        [
            0.8656670511341794,
            0.9460207612456749,
            0.6034602076124567
        ],
        [
            0.9058054594386775,
            0.9623221837754711,
            0.6020761245674742
        ],
        [
            0.9211841599384853,
            0.9684736639753941,
            0.6260668973471745
        ],
        [
            0.940407535563245,
            0.976163014225298,
            0.6560553633217994
        ],
        [
            0.9557862360630527,
            0.9823144944252211,
            0.6800461361014996
        ],
        [
            0.9750096116878124,
            0.9900038446751249,
            0.7100346020761246
        ],
        [
            0.9903883121876201,
            0.9961553248750481,
            0.7340253748558248
        ],
        [
            0.9996155324875048,
            0.988081507112649,
            0.7290272971933871
        ],
        [
            0.9990003844675125,
            0.9690119184928874,
            0.697039600153787
        ],
        [
            0.9982314494425221,
            0.9451749327181853,
            0.6570549788542868
        ],
        [
            0.9976163014225298,
            0.9261053440984237,
            0.6250672818146866
        ],
        [
            0.9968473663975395,
            0.9022683583237217,
            0.5850826605151864
        ],
        [
            0.9962322183775472,
            0.88319876970396,
            0.5530949634755863
        ],
        [
            0.9954632833525567,
            0.8476739715494039,
            0.519261822376009
        ],
        [
            0.9948481353325644,
            0.8169165705497885,
            0.4934256055363321
        ],
        [
            0.994079200307574,
            0.778469819300269,
            0.4611303344867358
        ],
        [
            0.9934640522875817,
            0.7477124183006535,
            0.4352941176470587
        ],
        [
            0.9926951172625913,
            0.7092656670511341,
            0.40299884659746243
        ],
        [
            0.9914648212226067,
            0.677354863514033,
            0.37808535178777386
        ],
        [
            0.9845444059976932,
            0.6273740868896577,
            0.3550173010380622
        ],
        [
            0.9790080738177624,
            0.5873894655901576,
            0.3365628604382929
        ],
        [
            0.972087658592849,
            0.5374086889657823,
            0.3134948096885813
        ],
        [
            0.9665513264129182,
            0.49742406766628217,
            0.295040369088812
        ],
        [
            0.9596309111880047,
            0.44744329104190683,
            0.2719723183391003
        ],
        [
            0.9473279507881585,
            0.4129950019223375,
            0.2664359861591696
        ],
        [
            0.9234909650134564,
            0.3768550557477893,
            0.27566320645905423
        ],
        [
            0.9044213763936948,
            0.34794309880815066,
            0.28304498269896194
        ],
        [
            0.8805843906189927,
            0.3118031526336025,
            0.2922722029988466
        ],
        [
            0.8615148019992311,
            0.28289119569396387,
            0.2996539792387543
        ],
        [
            0.8376778162245291,
            0.2467512495194156,
            0.308881199538639
        ],
        [
            0.8056901191849289,
            0.21030372933487118,
            0.3028066128412149
        ],
        [
            0.7633986928104575,
            0.1633986928104575,
            0.2928104575163399
        ],
        [
            0.7295655517108804,
            0.12587466359092656,
            0.2848135332564398
        ],
        [
            0.6872741253364091,
            0.07896962706651288,
            0.2748173779315648
        ],
        [
            0.6534409842368321,
            0.04144559784698193,
            0.2668204536716648
        ]
    ],
    "name": "OneLight",
    "calibration_units": "W/m$^2$/nm",
    "json_name": "OneLight",